No.,Product Name,Image Path,Gallery Paths
1,Asthana Stent,images/01_asthana_stent.jpg,images/01_asthana_stent.jpg
2,CardiPulse™ PFA Catheter,images/02_cardipulse_pfa_system.jpg,images/02_cardipulse_pfa_system.jpg|images/02_cardipulse_pfa_brochure.webp
3,Dermalix® Wound Dressing,images/03_dermalix_wound_dressing.png,images/03_dermalix_wound_dressing.png
4,Vision FFR MEMS Pressure-Sensing Guidewire System,,
5,ALBOGEL,images/05_albogel_delivery_system.png,images/05_albogel_delivery_system.png
6,FIBROPLUG Hemostatic Sponge,images/06_fibroplug_hemostatic_sponge.jpg,images/06_fibroplug_hemostatic_sponge.jpg
7,ÖKOSIX® Fully Biodegradable Level 3 Surgical Mask,images/07_okosix_biodegradable_surgical_mask.webp,images/07_okosix_biodegradable_surgical_mask.webp
8,HiSwan® Steerable Microcatheter,images/08_hiswan_steerable_microcatheter.png,images/08_hiswan_steerable_microcatheter.png
9,Baiyoumei® Biodegradable Magnesium Closing Clip,images/09_baiyoumei_magnesium_closing_clip.jpg,images/09_baiyoumei_magnesium_closing_clip.jpg
10,Firelimus® Rapamycin Drug-Eluting Balloon Catheter,images/10_firelimus_drug_eluting_balloon.jpg,images/10_firelimus_drug_eluting_balloon.jpg
11,NemoCare Raksha,images/11_nemocare_raksha_monitor.png,images/11_nemocare_raksha_monitor.png|images/11_nemocare_raksha_sensor.png
12,anuPath™ Multi-Analyte Disposable Test Strips,images/12_anupath_analyzer.jpg,images/12_anupath_analyzer.jpg|images/12_anupath_hba1c_test_strips.webp|images/12_anupath_hemoglobin_test_strips.webp|images/12_anupath_blood_glucose_test_strips.webp
